Seed,Village,Distance from spawn,Max height,Starter,Portal room,Highest other room,Distance from starter,Area over water level,Stronghold seed
-2132365308,/tp -1224 100 1896,2661,70,/tp -1230 64 1890,/tp -1282 63 1880,/tp -1251 70 1854,41,714,2624527239
-2126795932,/tp 1448 100 200,1456,70,/tp 1442 64 194,/tp 1495 29 197,/tp 1465 70 222,36,578,2486035358
-2124143762,/tp 584 100 -360,377,67,/tp 578 64 -366,/tp 584 67 -352,/tp 578 64 -366,15,602,3737785819
-2121000557,/tp -744 100 -1240,1822,67,/tp -750 64 -1246,/tp -741 67 -1200,/tp -750 64 -1246,46,344,1518457214
-2119092339,/tp 632 100 -1144,1279,67,/tp 626 64 -1150,/tp 629 67 -1112,/tp 626 64 -1150,38,460,1177172004
-2106216369,/tp 88 100 920,916,70,/tp 82 62 914,/tp 112 61 880,/tp 109 70 923,28,304,739840719
-2077590009,/tp -1688 100 -2376,2920,67,/tp -1694 62 -2382,/tp -1712 67 -2416,/tp -1691 64 -2405,38,340,2842698246
-2066232554,/tp -1496 100 3928,4271,70,/tp -1502 64 3922,/tp -1523 45 3936,/tp -1526 70 3897,34,312,3887981839
-2057092490,/tp 600 100 -1720,1818,67,/tp 594 64 -1726,/tp 586 67 -1698,/tp 594 64 -1726,29,280,962386929
-2025150980,/tp -1608 100 -1112,2265,70,/tp -1614 62 -1118,/tp -1599 59 -1077,/tp -1574 70 -1070,62,494,3528033525
-2019049126,/tp 1416 100 2296,2692,70,/tp 1410 64 2290,/tp 1389 45 2304,/tp 1386 70 2265,34,312,3887981839
-2004075553,/tp -1976 100 -1624,2853,67,/tp -1982 64 -1630,/tp -1973 67 -1628,/tp -1958 66 -1647,9,486,37333113
-2003385871,/tp 984 100 -1144,1197,70,/tp 978 64 -1150,/tp 1016 57 -1183,/tp 952 70 -1197,53,470,3316723168
-2000150866,/tp -1208 100 1400,1848,70,/tp -1214 64 1394,/tp -1213 61 1418,/tp -1160 70 1443,72,918,2783345743
-1985487481,/tp 1368 100 -248,1168,70,/tp 1362 64 -254,/tp 1320 67 -236,/tp 1313 70 -229,55,956,3527808968
-1981331286,/tp -1192 100 -856,1646,67,/tp -1198 64 -862,/tp -1150 67 -848,/tp -1146 66 -842,50,620,343795143
-1968370144,/tp -2072 100 152,2502,70,/tp -2078 64 146,/tp -2157 39 154,/tp -2075 70 173,27,288,3630201793
-1962597100,/tp 984 100 520,1107,70,/tp 978 64 514,/tp 984 45 530,/tp 967 70 522,13,312,1988781485
-1961237515,/tp 4488 100 1000,4593,67,/tp 4482 64 994,/tp 4498 67 968,/tp 4482 64 994,30,256,2198460579
-1955496071,/tp 600 100 -1512,1628,70,/tp 594 64 -1518,/tp 600 45 -1502,/tp 583 70 -1510,13,312,1988781485
-1952772838,/tp 1352 100 1048,1558,70,/tp 1346 64 1042,/tp 1384 61 1055,/tp 1331 70 1037,15,388,2345045245
-1947686799,/tp 1016 100 472,1460,70,/tp 1010 64 466,/tp 961 57 477,/tp 986 70 427,45,630,1558828389
-1942951402,/tp -184 100 1016,1051,70,/tp -190 62 1010,/tp -160 61 976,/tp -163 70 1019,28,304,739840719
-1914926946,/tp 952 100 -4264,4371,67,/tp 946 64 -4270,/tp 940 67 -4303,/tp 946 64 -4270,33,256,1330796976
-1893675496,/tp -1096 100 -2392,2720,67,/tp -1102 64 -2398,/tp -1070 67 -2378,/tp -1080 66 -2362,37,470,3584774985
-1883002054,/tp 2248 100 120,993,70,/tp 2242 64 114,/tp 2238 59 83,/tp 2280 70 117,38,368,99674413
-1882635608,/tp 584 100 536,784,67,/tp 578 62 530,/tp 571 67 568,/tp 594 66 578,38,446,1613387471
-1856674033,/tp 1464 100 -680,1486,67,/tp 1458 64 -686,/tp 1464 67 -672,/tp 1458 64 -686,15,602,3737785819
-1846414552,/tp -1112 100 584,1257,70,/tp -1118 64 578,/tp -1160 59 567,/tp -1115 70 605,27,312,4232312206
-1840661713,/tp 3560 100 2248,4198,67,/tp 3554 64 2242,/tp 3563 67 2244,/tp 3578 66 2225,9,486,37333113
-1828214778,/tp -2904 100 -808,3181,70,/tp -2910 64 -814,/tp -2948 47 -845,/tp -2907 70 -787,26,522,1301672055
-1811976962,/tp -296 100 -1144,1352,67,/tp -302 64 -1150,/tp -335 67 -1196,/tp -302 64 -1150,56,860,660103073
-1810133549,/tp 456 100 1368,1429,70,/tp 450 64 1362,/tp 503 29 1365,/tp 473 70 1390,36,578,2486035358
-1791668936,/tp 1896 100 1768,2552,70,/tp 1890 64 1762,/tp 1874 51 1763,/tp 1917 70 1787,36,332,935644684
-1776383219,/tp 936 100 -1688,1931,70,/tp 930 64 -1694,/tp 950 63 -1693,/tp 963 70 -1699,33,510,2984671649
-1756441493,/tp -1544 100 1960,2650,70,/tp -1550 64 1954,/tp -1590 59 1968,/tp -1568 70 1986,32,494,4016441406
-1746778630,/tp 1080 100 -1064,1353,70,/tp 1074 64 -1070,/tp 1064 53 -1103,/tp 1096 70 -1076,22,368,2746320468
-1745743893,/tp 2280 100 -2488,3358,70,/tp 2274 64 -2494,/tp 2288 63 -2472,/tp 2277 70 -2467,27,288,1223686713
-1741758162,/tp 1416 100 104,1208,67,/tp 1410 64 98,/tp 1418 67 87,/tp 1410 64 98,13,296,2810062732
-1734994971,/tp -2408 100 1544,2861,69,/tp -2414 62 1538,/tp -2454 69 1503,/tp -2443 66 1511,53,402,2715315102
-1715866534,/tp -2024 100 4424,4863,70,/tp -2030 64 4418,/tp -2012 63 4440,/tp -2051 70 4452,39,424,2141085613
-1704676274,/tp -776 100 3560,3645,70,/tp -782 64 3554,/tp -769 61 3514,/tp -796 70 3550,14,312,1815508399
-1702506069,/tp 1544 100 1368,2051,70,/tp 1538 64 1362,/tp 1554 59 1319,/tp 1488 70 1327,61,1022,1235173182
-1684853219,/tp -1128 100 968,1728,67,/tp -1134 64 962,/tp -1131 67 1000,/tp -1134 64 962,38,460,1177172004
-1680730258,/tp 536 100 1432,1593,67,/tp 530 64 1426,/tp 571 67 1413,/tp 573 66 1424,43,578,3004338420
-1668470938,/tp -1688 100 1048,1988,70,/tp -1694 64 1042,/tp -1698 59 1011,/tp -1656 70 1045,38,368,99674413
-1654239421,/tp 584 100 -3256,3318,70,/tp 578 64 -3262,/tp 521 35 -3278,/tp 552 70 -3283,33,470,2547953771
-1652570716,/tp -680 100 4104,4160,70,/tp -686 62 4098,/tp -706 63 4105,/tp -704 70 4099,18,272,1819446407
-1621597883,/tp 1368 100 -1144,1782,70,/tp 1362 64 -1150,/tp 1359 47 -1155,/tp 1374 70 -1151,12,336,2470961764
-1619667414,/tp -1176 100 936,1635,69,/tp -1182 64 930,/tp -1155 69 968,/tp -1151 68 956,46,552,1708161006
-1618142271,/tp 88 100 2648,2631,67,/tp 82 64 2642,/tp 50 67 2645,/tp 82 64 2642,32,288,3380128365
-1599329433,/tp 936 100 -3416,3439,67,/tp 930 64 -3422,/tp 898 67 -3448,/tp 930 64 -3422,41,272,2521499299
-1587165355,/tp 1304 100 -328,1129,70,/tp 1298 64 -334,/tp 1310 63 -275,/tp 1335 70 -297,52,510,438730053
-1585204954,/tp -4152 100 -2040,4631,67,/tp -4158 64 -2046,/tp -4120 67 -2036,/tp -4143 66 -2025,39,598,1460927482
-1582176130,/tp 984 100 584,1138,67,/tp 978 64 578,/tp 1017 67 608,/tp 978 64 578,49,312,1509300525
-1576015456,/tp 552 100 600,688,67,/tp 546 64 594,/tp 562 67 568,/tp 546 64 594,30,256,2198460579
-1567418917,/tp -408 100 1368,5876,67,/tp -414 62 1362,/tp -441 67 1379,/tp -427 64 1389,31,272,4018987072
-1557855085,/tp 616 100 -1240,1244,67,/tp 610 64 -1246,/tp 616 67 -1232,/tp 610 64 -1246,15,602,3737785819
-1536845216,/tp 1080 100 696,956,67,/tp 1074 64 690,/tp 1077 67 728,/tp 1074 64 690,38,460,1177172004
-1533777124,/tp 552 100 -1112,1117,67,/tp 546 64 -1118,/tp 576 67 -1139,/tp 561 66 -1083,36,606,1939184840
-1530437343,/tp -1528 100 -1064,2438,67,/tp -1534 64 -1070,/tp -1531 67 -1032,/tp -1534 64 -1070,38,460,1177172004
-1524723693,/tp 2168 100 2312,2310,70,/tp 2162 64 2306,/tp 2184 47 2339,/tp 2162 70 2331,25,554,1162930020
-1517181263,/tp 600 100 904,1079,70,/tp 594 64 898,/tp 590 29 930,/tp 621 70 901,27,328,1931350606
-1511999289,/tp -1720 100 1016,4921,70,/tp -1726 62 1010,/tp -1713 9 1082,/tp -1728 70 1037,27,562,2425033926
-1499246575,/tp -712 100 1080,1285,70,/tp -718 64 1074,/tp -657 65 1103,/tp -681 70 1109,50,744,3936473789
-1480068052,/tp -3336 100 1816,3817,70,/tp -3342 64 1810,/tp -3299 61 1801,/tp -3318 70 1820,26,404,1727569366
-1474055699,/tp -2360 100 7048,7430,70,/tp -2366 64 7042,/tp -2346 55 6982,/tp -2372 70 6998,44,288,401200881
-1471545339,/tp -2920 100 -1624,4252,69,/tp -2926 62 -1630,/tp -2966 69 -1665,/tp -2955 66 -1657,53,402,2715315102
-1465792648,/tp 536 100 -664,1111,70,/tp 530 64 -670,/tp 473 35 -686,/tp 504 70 -691,33,470,2547953771
-1465009140,/tp 1496 100 24,1472,70,/tp 1490 64 18,/tp 1457 63 10,/tp 1479 70 -19,38,312,1869514882
-1462542668,/tp 872 100 -1192,1477,70,/tp 866 64 -1198,/tp 829 61 -1204,/tp 861 70 -1233,35,542,1394515379
-1459211191,/tp 200 100 1496,1506,67,/tp 194 62 1490,/tp 178 67 1524,/tp 198 66 1528,37,994,4259515654
-1441109335,/tp -1128 100 -2088,3686,70,/tp -1134 64 -2094,/tp -1151 63 -2056,/tp -1120 70 -2072,26,464,4180682555
-1437691821,/tp 5320 100 -232,4921,70,/tp 5314 64 -238,/tp 5311 47 -243,/tp 5326 70 -239,12,336,2470961764
-1435417161,/tp 3144 100 -1528,3497,67,/tp 3138 64 -1534,/tp 3185 67 -1505,/tp 3138 64 -1534,55,376,3576917795
-1414810926,/tp -1688 100 56,1712,70,/tp -1694 64 50,/tp -1743 57 61,/tp -1718 70 11,45,630,1558828389
-1410649336,/tp -760 100 -5416,5475,67,/tp -766 64 -5422,/tp -768 67 -5454,/tp -766 64 -5422,32,300,1796403545
-1398249985,/tp 520 100 -744,908,67,/tp 514 64 -750,/tp 544 67 -771,/tp 529 66 -715,36,606,1939184840
-1395537600,/tp 1416 100 -408,747,67,/tp 1410 64 -414,/tp 1465 67 -453,/tp 1385 66 -424,67,856,2451930346
-1389890401,/tp -2360 100 2744,3637,70,/tp -2366 64 2738,/tp -2408 67 2756,/tp -2415 70 2763,55,956,3527808968
-1389724252,/tp -1640 100 5240,5570,67,/tp -1646 64 5234,/tp -1650 67 5195,/tp -1654 66 5200,39,556,1365129300
-1386345570,/tp 120 100 1432,2267,67,/tp 114 64 1426,/tp 94 67 1401,/tp 114 64 1426,32,256,3139607200
-1384820078,/tp -312 100 -1272,1398,70,/tp -318 64 -1278,/tp -322 67 -1330,/tp -333 70 -1307,32,980,2838891414
-1379255342,/tp -632 100 168,734,70,/tp -638 64 162,/tp -611 39 203,/tp -662 70 196,41,312,1803835648
-1376799093,/tp -1928 100 -3624,4966,70,/tp -1934 64 -3630,/tp -1922 63 -3571,/tp -1897 70 -3593,52,510,438730053
-1371646975,/tp -328 100 1000,2274,67,/tp -334 64 994,/tp -326 67 990,/tp -334 64 994,8,256,2697224738
-1337321378,/tp 2792 100 -1608,2695,70,/tp 2786 64 -1614,/tp 2765 45 -1600,/tp 2762 70 -1639,34,312,3887981839
-1323162121,/tp 2776 100 -2440,3206,70,/tp 2770 62 -2446,/tp 2771 63 -2384,/tp 2773 70 -2401,45,686,3712112775
-1314081676,/tp -1160 100 -216,3035,70,/tp -1166 64 -222,/tp -1153 61 -262,/tp -1180 70 -226,14,312,1815508399
-1313709177,/tp 1768 100 -728,1194,67,/tp 1762 64 -734,/tp 1746 67 -781,/tp 1762 64 -734,49,352,3694592759
-1304018775,/tp 1128 100 -744,1281,70,/tp 1122 64 -750,/tp 1106 51 -749,/tp 1149 70 -725,36,332,935644684
-1286647979,/tp -376 100 -648,891,70,/tp -382 64 -654,/tp -409 53 -623,/tp -402 70 -682,34,328,3898581978
-1281906801,/tp -1512 100 -2408,2855,70,/tp -1518 64 -2414,/tp -1556 47 -2445,/tp -1515 70 -2387,26,522,1301672055
-1273177453,/tp 616 100 -2424,2501,70,/tp 610 64 -2430,/tp 609 61 -2458,/tp 623 70 -2438,15,494,4142507097
-1271630130,/tp -696 100 -1176,1553,70,/tp -702 64 -1182,/tp -705 47 -1187,/tp -690 70 -1183,12,336,2470961764
-1266683157,/tp 1416 100 -1528,2078,70,/tp 1410 64 -1534,/tp 1443 29 -1565,/tp 1382 70 -1560,38,526,2067111155
-1265559252,/tp -1544 100 -1592,2727,70,/tp -1550 64 -1598,/tp -1571 45 -1584,/tp -1574 70 -1623,34,312,3887981839
-1264373612,/tp -1160 100 -184,2271,70,/tp -1166 62 -190,/tp -1178 57 -217,/tp -1142 70 -168,32,698,1851321387
-1263484926,/tp -280 100 1816,3463,70,/tp -286 64 1810,/tp -245 57 1769,/tp -232 70 1788,58,392,2537499593
-1263262719,/tp 1816 100 -1480,1571,72,/tp 1810 64 -1486,/tp 1821 65 -1412,/tp 1838 72 -1455,41,930,257791329
-1261945090,/tp -1976 100 -2904,3522,67,/tp -1982 64 -2910,/tp -1986 67 -2902,/tp -1982 64 -2910,8,256,903125220
-1244559768,/tp -760 100 -792,1108,67,/tp -766 64 -798,/tp -711 67 -837,/tp -791 66 -808,67,856,2451930346
-1240680090,/tp -1576 100 1448,2558,70,/tp -1582 64 1442,/tp -1631 57 1453,/tp -1606 70 1403,45,630,1558828389
-1237641421,/tp 2296 100 2808,3621,72,/tp 2290 64 2802,/tp 2301 65 2876,/tp 2318 72 2833,41,930,257791329
-1235059369,/tp -1256 100 504,1415,70,/tp -1262 64 498,/tp -1283 45 512,/tp -1286 70 473,34,312,3887981839
-1208230317,/tp 984 100 -344,401,70,/tp 978 64 -350,/tp 974 29 -318,/tp 1005 70 -347,27,328,1931350606
-1205592273,/tp -808 100 -360,1215,67,/tp -814 64 -366,/tp -785 67 -338,/tp -814 64 -366,40,296,3130877723
-1201527915,/tp -1992 100 1528,2623,70,/tp -1998 64 1522,/tp -2036 47 1491,/tp -1995 70 1549,26,522,1301672055
-1195669906,/tp -1176 100 -1176,1688,67,/tp -1182 64 -1182,/tp -1190 67 -1203,/tp -1182 64 -1182,22,272,1461655638
-1192520196,/tp -1096 100 -2008,3092,70,/tp -1102 64 -2014,/tp -1106 59 -2045,/tp -1064 70 -2011,38,368,99674413
-1185279628,/tp 2232 100 1928,2943,70,/tp 2226 64 1922,/tp 2287 65 1951,/tp 2263 70 1957,50,744,3936473789
-1171812568,/tp -2120 100 -1240,3824,70,/tp -2126 64 -1246,/tp -2094 63 -1202,/tp -2083 70 -1211,55,288,897109831
-1138603527,/tp 2328 100 1784,2036,67,/tp 2322 64 1778,/tp 2306 67 1819,/tp 2299 66 1809,44,470,1784649745
-1127068365,/tp -776 100 -4200,4277,70,/tp -782 64 -4206,/tp -745 59 -4181,/tp -821 70 -4208,39,336,2786626657
-1122744528,/tp 152 100 1080,1100,70,/tp 146 64 1074,/tp 114 63 1077,/tp 144 70 1105,31,424,1001439820
-1121962672,/tp -760 100 -1144,1587,67,/tp -766 64 -1150,/tp -736 67 -1171,/tp -751 66 -1115,36,606,1939184840
-1116847030,/tp -1176 100 2616,2866,70,/tp -1182 64 2610,/tp -1131 53 2602,/tp -1157 70 2610,25,530,2918406033
-1115100102,/tp -1112 100 -248,1151,67,/tp -1118 64 -254,/tp -1138 67 -279,/tp -1118 64 -254,32,256,3139607200
-1108422541,/tp -1192 100 600,1325,70,/tp -1198 64 594,/tp -1247 37 671,/tp -1172 70 620,36,566,1592209739
-1100963414,/tp 2280 100 568,2183,67,/tp 2274 64 562,/tp 2308 67 587,/tp 2274 64 562,42,324,642870113
-1076104539,/tp 152 100 -2424,2432,67,/tp 146 64 -2430,/tp 196 67 -2408,/tp 146 64 -2430,54,304,1938142252
-1046527508,/tp 952 100 152,778,70,/tp 946 64 146,/tp 943 47 141,/tp 958 70 145,12,336,2470961764
-1038000812,/tp -2056 100 1912,2999,70,/tp -2062 64 1906,/tp -2022 19 1944,/tp -2032 70 1931,39,320,2407125674
-1037915408,/tp 504 100 -792,937,70,/tp 498 64 -798,/tp 516 63 -776,/tp 477 70 -764,39,424,2141085613
-1027371048,/tp 1320 100 600,1240,67,/tp 1314 64 594,/tp 1348 67 619,/tp 1314 64 594,42,324,642870113
-1026397070,/tp 920 100 -376,991,70,/tp 914 64 -382,/tp 855 51 -395,/tp 883 70 -415,45,328,3716481319
-1025518872,/tp -2888 100 -1112,3487,70,/tp -2894 64 -1118,/tp -2869 61 -1166,/tp -2858 70 -1139,41,312,4249174359
-1013153028,/tp -2984 100 104,3189,70,/tp -2990 64 98,/tp -3039 37 175,/tp -2964 70 124,36,566,1592209739
-1012222275,/tp 632 100 632,726,70,/tp 626 64 626,/tp 656 47 662,/tp 651 70 618,26,288,3345818081
-1007427392,/tp -1096 100 664,1566,67,/tp -1102 64 658,/tp -1106 67 619,/tp -1110 66 624,39,556,1365129300
-998154242,/tp 3144 100 -264,2805,70,/tp 3138 62 -270,/tp 3153 59 -229,/tp 3178 70 -222,62,494,3528033525
-992361609,/tp -712 100 -2040,2191,70,/tp -718 62 -2046,/tp -727 59 -2007,/tp -757 70 -2021,46,494,4044210756
-985675269,/tp 568 100 472,670,67,/tp 562 64 466,/tp 594 67 486,/tp 584 66 502,37,470,3584774985
-980731203,/tp -712 100 -1160,2327,70,/tp -718 64 -1166,/tp -717 61 -1142,/tp -664 70 -1117,72,918,2783345743
-979611185,/tp 488 100 -2904,2935,70,/tp 482 64 -2910,/tp 484 59 -2940,/tp 456 70 -2945,43,570,3752551599
-976321394,/tp -728 100 472,1210,70,/tp -734 64 466,/tp -771 27 414,/tp -751 70 475,19,392,2971588887
-969072129,/tp 1448 100 72,587,72,/tp 1442 64 66,/tp 1456 61 53,/tp 1486 72 70,44,378,1730157349
-960357881,/tp 664 100 2664,2736,70,/tp 658 64 2658,/tp 678 61 2621,/tp 690 70 2643,35,526,2690269654
-948343225,/tp 72 100 1864,1861,70,/tp 66 64 1858,/tp 45 45 1872,/tp 42 70 1833,34,312,3887981839
-948182980,/tp 1928 100 -1992,2764,70,/tp 1922 64 -1998,/tp 1923 67 -2019,/tp 1898 70 -1998,24,804,2952289789
-945251528,/tp -1912 100 -344,2010,70,/tp -1918 62 -350,/tp -1900 61 -302,/tp -1881 70 -293,67,618,4164917266
-927974148,/tp -1256 100 -1688,2119,70,/tp -1262 64 -1694,/tp -1314 63 -1704,/tp -1283 70 -1730,41,714,2624527239
-924053196,/tp 904 100 216,2804,70,/tp 898 64 210,/tp 860 47 179,/tp 901 70 237,26,522,1301672055
-915570771,/tp 936 100 -3416,3449,70,/tp 930 64 -3422,/tp 981 53 -3430,/tp 955 70 -3422,25,530,2918406033
-912762477,/tp -1960 100 -232,1978,67,/tp -1966 64 -238,/tp -1968 67 -270,/tp -1966 64 -238,32,438,2156633257
-911481926,/tp -2440 100 -3256,4106,67,/tp -2446 64 -3262,/tp -2427 67 -3246,/tp -2446 64 -3262,24,328,2916237205
-895503503,/tp -1144 100 504,1245,72,/tp -1150 64 498,/tp -1117 39 487,/tp -1157 72 471,27,378,3564097730
-894973319,/tp 104 100 1000,1986,67,/tp 98 64 994,/tp 132 67 1019,/tp 98 64 994,42,324,642870113
-889197315,/tp -1992 100 -728,2182,70,/tp -1998 64 -734,/tp -2006 53 -768,/tp -1971 70 -731,27,312,413695336
-887300941,/tp -312 100 1000,1051,70,/tp -318 64 994,/tp -359 61 1002,/tp -305 70 1014,23,416,273514613
-876428992,/tp -296 100 -1576,1663,69,/tp -302 64 -1582,/tp -275 69 -1544,/tp -271 68 -1556,46,552,1708161006
-868239695,/tp 1064 100 -248,872,70,/tp 1058 64 -254,/tp 1009 51 -252,/tp 1080 70 -265,24,574,3774650239
-868263788,/tp -280 100 600,660,70,/tp -286 64 594,/tp -323 27 542,/tp -303 70 603,19,392,2971588887
-867426084,/tp -1160 100 -1128,1632,68,/tp -1166 64 -1134,/tp -1136 63 -1055,/tp -1104 68 -1045,108,1102,1167209268
-861912062,/tp -776 100 -312,848,67,/tp -782 64 -318,/tp -815 67 -364,/tp -782 64 -318,56,860,660103073
-854220519,/tp -1656 100 136,1927,67,/tp -1662 64 130,/tp -1630 67 150,/tp -1640 66 166,37,470,3584774985
-851743413,/tp 4040 100 1352,1697,70,/tp 4034 64 1346,/tp 4017 63 1384,/tp 4048 70 1368,26,464,4180682555
-834312551,/tp -392 100 -2536,2669,70,/tp -398 64 -2542,/tp -402 59 -2573,/tp -360 70 -2539,38,368,99674413
-831785606,/tp -1480 100 3096,3440,69,/tp -1486 62 3090,/tp -1526 69 3055,/tp -1515 66 3063,53,402,2715315102
-813116313,/tp 552 100 -1240,1329,67,/tp 546 64 -1246,/tp 580 67 -1303,/tp 546 64 -1246,66,552,3150228515
-802030496,/tp 1304 100 136,1131,67,/tp 1298 64 130,/tp 1282 67 83,/tp 1298 64 130,49,352,3694592759
-797568945,/tp 1048 100 -1656,1956,70,/tp 1042 64 -1662,/tp 1080 57 -1695,/tp 1016 70 -1709,53,470,3316723168
-789888606,/tp -776 100 -2056,2406,67,/tp -782 64 -2062,/tp -748 67 -2032,/tp -792 66 -2082,45,694,403585984
-776241054,/tp 1432 100 1432,3304,70,/tp 1426 64 1426,/tp 1411 67 1398,/tp 1416 70 1386,41,844,889355280
-756541141,/tp 1896 100 -3288,3694,70,/tp 1890 62 -3294,/tp 1920 61 -3328,/tp 1917 70 -3285,28,304,739840719
-748633300,/tp -1672 100 72,1677,67,/tp -1678 64 66,/tp -1671 67 113,/tp -1678 64 66,47,320,2972139569
-739071109,/tp -2552 100 104,2557,70,/tp -2558 64 98,/tp -2546 63 157,/tp -2521 70 135,52,510,438730053
-729272227,/tp -328 100 -1224,1836,70,/tp -334 64 -1230,/tp -383 37 -1153,/tp -308 70 -1204,36,566,1592209739
-722487523,/tp 600 100 -776,806,70,/tp 594 64 -782,/tp 535 51 -795,/tp 563 70 -815,45,328,3716481319
-713559372,/tp -1208 100 504,1318,67,/tp -1214 62 498,/tp -1221 67 460,/tp -1218 64 475,38,422,1160527633
-710745571,/tp 1016 100 -744,1258,70,/tp 1010 64 -750,/tp 1079 59 -762,/tp 1083 70 -732,75,542,1048229359
-710300499,/tp 3240 100 936,3348,70,/tp 3234 64 930,/tp 3236 65 962,/tp 3253 70 938,20,558,461412549
-702519182,/tp 1032 100 -712,1229,70,/tp 1026 62 -718,/tp 989 63 -738,/tp 991 70 -744,43,272,1270379033
-696233084,/tp 1048 100 -2520,2729,70,/tp 1042 64 -2526,/tp 1043 61 -2502,/tp 1096 70 -2477,72,918,2783345743
-674890297,/tp -1208 100 -1560,2583,70,/tp -1214 64 -1566,/tp -1198 61 -1512,/tp -1186 70 -1517,56,288,147430197
-658339200,/tp 1496 100 -280,1503,67,/tp 1490 64 -286,/tp 1458 67 -283,/tp 1490 64 -286,32,288,3380128365
-657717475,/tp -1624 100 -312,3781,67,/tp -1630 64 -318,/tp -1596 67 -375,/tp -1630 64 -318,66,552,3150228515
-654429130,/tp 1928 100 936,1265,70,/tp 1922 64 930,/tp 1960 57 897,/tp 1896 70 883,53,470,3316723168
-648995919,/tp 1384 100 1064,1705,68,/tp 1378 64 1058,/tp 1426 45 1060,/tp 1308 68 1042,71,402,1974594829
-638460391,/tp 1432 100 -3816,4100,67,/tp 1426 64 -3822,/tp 1410 67 -3869,/tp 1426 64 -3822,49,352,3694592759
-613715648,/tp -600 100 3144,3190,70,/tp -606 64 3138,/tp -628 65 3178,/tp -579 70 3163,36,744,2058865618
-605075635,/tp -1208 100 968,1727,70,/tp -1214 64 962,/tp -1198 61 1016,/tp -1186 70 1011,56,288,147430197
-598293763,/tp -4648 100 120,4800,70,/tp -4654 64 114,/tp -4695 61 122,/tp -4641 70 134,23,416,273514613
-583593086,/tp -760 100 -1576,1769,67,/tp -766 64 -1582,/tp -727 67 -1552,/tp -766 64 -1582,49,312,1509300525
-583339397,/tp -296 100 1560,1587,70,/tp -302 62 1554,/tp -272 61 1520,/tp -275 70 1563,28,304,739840719
-553383347,/tp -2104 100 -1176,2595,67,/tp -2110 64 -1182,/tp -2062 67 -1168,/tp -2058 66 -1162,50,620,343795143
-540100468,/tp -1672 100 232,1699,70,/tp -1678 64 226,/tp -1706 45 240,/tp -1702 70 183,39,630,3915215437
-529672953,/tp 104 100 4568,4565,70,/tp 98 64 4562,/tp 82 51 4563,/tp 125 70 4587,36,332,935644684
-524925227,/tp -696 100 -664,1543,70,/tp -702 64 -670,/tp -657 47 -715,/tp -704 70 -643,27,328,2752111907
-516458913,/tp -1128 100 -760,1556,67,/tp -1134 64 -766,/tp -1162 67 -792,/tp -1134 64 -766,38,296,4061076252
-510457608,/tp -808 100 -2440,2658,67,/tp -814 64 -2446,/tp -806 67 -2450,/tp -814 64 -2446,8,256,2697224738
-502349241,/tp -2872 100 2792,4008,67,/tp -2878 64 2786,/tp -2844 67 2811,/tp -2878 64 2786,42,324,642870113
-496698464,/tp 616 100 -2024,2161,70,/tp 610 64 -2030,/tp 650 45 -2014,/tp 628 70 -2017,22,360,2851475621
-490966858,/tp 136 100 -696,732,70,/tp 130 64 -702,/tp 196 35 -685,/tp 131 70 -678,24,288,2622634394
-488367165,/tp 600 100 1816,1824,67,/tp 594 64 1810,/tp 623 67 1838,/tp 594 64 1810,40,296,3130877723
-476564934,/tp 1000 100 968,944,67,/tp 994 64 962,/tp 990 67 923,/tp 986 66 928,39,556,1365129300
-453471298,/tp -328 100 -1208,1258,70,/tp -334 64 -1214,/tp -367 63 -1233,/tp -358 70 -1239,34,570,2905167325
-439107023,/tp -696 100 184,734,70,/tp -702 62 178,/tp -689 9 250,/tp -704 70 205,27,562,2425033926
-433563187,/tp -1208 100 584,1574,67,/tp -1214 64 578,/tp -1200 67 565,/tp -1214 64 578,19,478,3571982813
-430074295,/tp -2040 100 1864,2769,70,/tp -2046 64 1858,/tp -2040 45 1874,/tp -2057 70 1866,13,312,1988781485
-416870113,/tp -1160 100 -648,3118,70,/tp -1166 64 -654,/tp -1115 63 -690,/tp -1136 70 -629,39,320,922885111
-391931519,/tp 1848 100 -296,1848,70,/tp 1842 64 -302,/tp 1809 63 -321,/tp 1818 70 -327,34,570,2905167325
-377321466,/tp 1464 100 1880,2374,70,/tp 1458 64 1874,/tp 1418 59 1888,/tp 1440 70 1906,32,494,4016441406
-376706152,/tp 1064 100 456,826,70,/tp 1058 62 450,/tp 1076 61 498,/tp 1095 70 507,67,618,4164917266
-360247201,/tp -408 100 1752,1884,67,/tp -414 64 1746,/tp -448 67 1727,/tp -414 64 1746,38,352,1311285322
-348571661,/tp 1432 100 2200,2617,70,/tp 1426 64 2194,/tp 1377 57 2205,/tp 1402 70 2155,45,630,1558828389
-348019701,/tp 632 100 984,1153,67,/tp 626 62 978,/tp 603 67 936,/tp 608 64 954,47,488,844507943
-342825745,/tp -792 100 1784,2216,70,/tp -798 64 1778,/tp -758 19 1816,/tp -768 70 1803,39,320,2407125674
-338027609,/tp -744 100 -344,832,67,/tp -750 64 -350,/tp -693 67 -355,/tp -720 66 -384,57,660,470269338
-322569392,/tp -2008 100 -232,2527,70,/tp -2014 64 -238,/tp -2063 51 -236,/tp -1992 70 -249,24,574,3774650239
-314183101,/tp -2888 100 -776,2999,70,/tp -2894 64 -782,/tp -2857 59 -757,/tp -2933 70 -784,39,336,2786626657
-294450004,/tp 504 100 -840,980,69,/tp 498 64 -846,/tp 525 69 -808,/tp 529 68 -820,46,552,1708161006
-256294015,/tp -1224 100 -2952,3250,67,/tp -1230 64 -2958,/tp -1196 67 -2933,/tp -1230 64 -2958,42,324,642870113
-254677806,/tp -664 100 1816,2155,70,/tp -670 64 1810,/tp -691 45 1824,/tp -694 70 1785,34,312,3887981839
-241083433,/tp 3944 100 5320,6612,70,/tp 3938 64 5314,/tp 3889 57 5325,/tp 3914 70 5275,45,630,1558828389
-230201516,/tp 904 100 1320,1594,70,/tp 898 64 1314,/tp 850 27 1285,/tp 901 70 1346,32,686,3503720374
-209396468,/tp -776 100 1416,1606,70,/tp -782 64 1410,/tp -786 63 1439,/tp -783 70 1380,30,780,1836315345
-208400991,/tp -648 100 1016,1356,67,/tp -654 64 1010,/tp -680 67 975,/tp -654 64 1010,43,336,3369382265
-192412068,/tp 584 100 1944,2024,67,/tp 578 64 1938,/tp 576 67 1906,/tp 578 64 1938,32,300,1796403545
-180896355,/tp -1080 100 -712,1558,67,/tp -1086 64 -718,/tp -1031 67 -757,/tp -1111 66 -728,67,856,2451930346
-175697997,/tp 168 100 1752,1846,70,/tp 162 64 1746,/tp 140 65 1786,/tp 189 70 1771,36,744,2058865618
-173477256,/tp -1208 100 -2856,3114,70,/tp -1214 64 -2862,/tp -1218 63 -2833,/tp -1215 70 -2892,30,780,1836315345
-167622020,/tp -1160 100 1832,2167,70,/tp -1166 64 1826,/tp -1215 51 1828,/tp -1144 70 1815,24,574,3774650239
-166944267,/tp 2344 100 -664,1987,70,/tp 2338 64 -670,/tp 2356 63 -648,/tp 2317 70 -636,39,424,2141085613
-146753363,/tp -1608 100 520,1690,67,/tp -1614 64 514,/tp -1611 67 552,/tp -1614 64 514,38,460,1177172004
-144676014,/tp -1128 100 -360,1208,72,/tp -1134 64 -366,/tp -1101 39 -377,/tp -1141 72 -393,27,378,3564097730
-121678945,/tp -1544 100 -1464,2171,70,/tp -1550 64 -1470,/tp -1523 63 -1453,/tp -1607 70 -1453,59,802,3126626288
-117132184,/tp 1352 100 600,1466,69,/tp 1346 64 594,/tp 1331 69 559,/tp 1325 66 568,38,346,2463758693
-110970345,/tp 3704 100 3656,5198,70,/tp 3698 64 3650,/tp 3741 61 3641,/tp 3722 70 3660,26,404,1727569366
-109047293,/tp 536 100 -1112,1707,67,/tp 530 64 -1118,/tp 510 67 -1143,/tp 530 64 -1118,32,256,3139607200
-107334636,/tp -2024 100 1928,2795,70,/tp -2030 64 1922,/tp -1998 63 1966,/tp -1987 70 1957,55,288,897109831
-104049836,/tp -248 100 -4184,4244,67,/tp -254 64 -4190,/tp -245 67 -4144,/tp -254 64 -4190,46,344,1518457214
-89421181,/tp -3368 100 -1704,4228,70,/tp -3374 64 -1710,/tp -3337 59 -1685,/tp -3413 70 -1712,39,336,2786626657
-85270557,/tp 136 100 2728,2726,67,/tp 130 64 2722,/tp 135 67 2730,/tp 130 64 2722,9,312,3700160837
-74390467,/tp 600 100 1400,1517,70,/tp 594 64 1394,/tp 566 45 1408,/tp 570 70 1351,39,630,3915215437
-73794061,/tp -1192 100 568,1329,70,/tp -1198 64 562,/tp -1184 33 619,/tp -1208 70 538,26,502,1109650131
-72586071,/tp -792 100 904,1201,67,/tp -798 64 898,/tp -761 67 890,/tp -788 66 877,37,438,2694509759
-67822915,/tp -1208 100 -1576,1991,70,/tp -1214 64 -1582,/tp -1230 61 -1570,/tp -1191 70 -1592,25,320,2878175960
-67643822,/tp 40 100 -776,788,70,/tp 34 62 -782,/tp 14 63 -775,/tp 16 70 -781,18,272,1819446407
-65540489,/tp -280 100 -696,769,70,/tp -286 64 -702,/tp -290 63 -673,/tp -287 70 -732,30,780,1836315345
-59824293,/tp -4632 100 -1624,5487,70,/tp -4638 64 -1630,/tp -4606 63 -1586,/tp -4595 70 -1595,55,288,897109831
-54703182,/tp -1224 100 -1512,1953,68,/tp -1230 64 -1518,/tp -1200 63 -1439,/tp -1168 68 -1429,108,1102,1167209268
-39627478,/tp -232 100 -776,814,70,/tp -238 64 -782,/tp -286 27 -811,/tp -235 70 -750,32,686,3503720374
-37685124,/tp 1080 100 -1112,1542,70,/tp 1074 64 -1118,/tp 1092 63 -1096,/tp 1053 70 -1084,39,424,2141085613
-27244856,/tp 2808 100 -1128,2122,70,/tp 2802 64 -1134,/tp 2780 65 -1094,/tp 2829 70 -1109,36,744,2058865618
-26031020,/tp 3160 100 -296,1404,67,/tp 3154 62 -302,/tp 3136 67 -336,/tp 3157 64 -325,38,340,2842698246
-15600987,/tp 1048 100 -1608,1920,70,/tp 1042 64 -1614,/tp 1103 65 -1585,/tp 1079 70 -1579,50,744,3936473789
-4148558,/tp 2712 100 -2456,3521,70,/tp 2706 64 -2462,/tp 2649 35 -2478,/tp 2680 70 -2483,33,470,2547953771
-3129645,/tp -296 100 -1480,1582,67,/tp -302 64 -1486,/tp -295 67 -1439,/tp -302 64 -1486,47,320,2972139569
958761,/tp 1048 100 184,683,70,/tp 1042 64 178,/tp 993 51 180,/tp 1064 70 167,24,574,3774650239
9553819,/tp -296 100 968,1148,67,/tp -302 64 962,/tp -306 67 970,/tp -302 64 962,8,256,903125220
16557680,/tp 600 100 -1256,1287,70,/tp 594 64 -1262,/tp 599 65 -1291,/tp 568 70 -1290,38,494,2471853506
20519135,/tp 488 100 -4248,4257,70,/tp 482 64 -4254,/tp 457 47 -4225,/tp 480 70 -4279,25,470,3954531583
34793987,/tp 1992 100 -664,1796,67,/tp 1986 64 -670,/tp 1962 67 -702,/tp 1960 66 -689,40,526,1670756161
45597702,/tp 1480 100 -296,1506,70,/tp 1474 64 -302,/tp 1490 63 -340,/tp 1507 70 -328,42,470,3357924277
50016400,/tp -2040 100 -200,2182,70,/tp -2046 64 -206,/tp -2006 45 -190,/tp -2028 70 -193,22,360,2851475621
50865976,/tp -840 100 -680,2190,70,/tp -846 64 -686,/tp -854 59 -643,/tp -843 70 -659,27,312,1693283794
52387040,/tp -824 100 -296,1750,70,/tp -830 64 -302,/tp -815 63 -342,/tp -821 70 -340,39,288,1482694437
53412907,/tp -664 100 616,1502,67,/tp -670 64 610,/tp -686 67 563,/tp -670 64 610,49,352,3694592759
55718539,/tp 1032 100 1000,1422,70,/tp 1026 64 994,/tp 1067 57 953,/tp 1080 70 972,58,392,2537499593
58576040,/tp 72 100 -2024,2164,67,/tp 66 64 -2030,/tp 95 67 -2002,/tp 66 64 -2030,40,296,3130877723
60359312,/tp -1176 100 -424,3699,70,/tp -1182 64 -430,/tp -1149 29 -461,/tp -1210 70 -456,38,526,2067111155
77125835,/tp -1672 100 -3272,3679,72,/tp -1678 64 -3278,/tp -1667 65 -3204,/tp -1650 72 -3247,41,930,257791329
80477847,/tp -264 100 1000,1793,70,/tp -270 64 994,/tp -318 27 965,/tp -267 70 1026,32,686,3503720374
82835574,/tp 1800 100 -1080,2097,70,/tp 1794 64 -1086,/tp 1770 59 -1067,/tp 1765 70 -1126,49,470,2043576986
89688289,/tp 5768 100 -3288,6013,67,/tp 5762 64 -3294,/tp 5730 67 -3320,/tp 5762 64 -3294,41,272,2521499299
95180400,/tp 1752 100 696,1824,70,/tp 1746 64 690,/tp 1762 59 647,/tp 1696 70 655,61,1022,1235173182
95976433,/tp 4488 100 -312,4295,70,/tp 4482 64 -318,/tp 4498 63 -356,/tp 4515 70 -344,42,470,3357924277
99939652,/tp 104 100 1032,8229,67,/tp 98 64 1026,/tp 153 67 987,/tp 73 66 1016,67,856,2451930346
136617012,/tp -1672 100 1032,2232,70,/tp -1678 64 1026,/tp -1653 61 978,/tp -1642 70 1005,41,312,4249174359
160069162,/tp 504 100 4072,4098,67,/tp 498 64 4066,/tp 496 67 4034,/tp 498 64 4066,32,438,2156633257
174102813,/tp 920 100 888,1272,67,/tp 914 64 882,/tp 962 67 896,/tp 966 66 902,50,620,343795143
186248275,/tp 1944 100 952,2159,70,/tp 1938 64 946,/tp 1901 27 894,/tp 1921 70 955,19,392,2971588887
187485241,/tp 504 100 920,1131,70,/tp 498 64 914,/tp 518 55 854,/tp 492 70 870,44,288,401200881
194130790,/tp 616 100 -2504,2580,70,/tp 610 64 -2510,/tp 573 27 -2562,/tp 593 70 -2501,19,392,2971588887
195175523,/tp -1160 100 -232,1191,70,/tp -1166 62 -238,/tp -1178 57 -265,/tp -1142 70 -216,32,698,1851321387
199631577,/tp 3960 100 88,2368,70,/tp 3954 64 82,/tp 3966 63 141,/tp 3991 70 119,52,510,438730053
203557108,/tp 2344 100 -4072,4492,70,/tp 2338 64 -4078,/tp 2300 47 -4109,/tp 2341 70 -4051,26,522,1301672055
215232421,/tp 984 100 1880,1922,67,/tp 978 62 1874,/tp 955 67 1832,/tp 960 64 1850,47,488,844507943
227196343,/tp 568 100 616,832,70,/tp 562 64 610,/tp 577 53 592,/tp 587 70 637,36,288,3815376674
253636126,/tp 1000 100 1400,1466,67,/tp 994 64 1394,/tp 1010 67 1368,/tp 994 64 1394,30,256,2198460579
266181384,/tp 1416 100 168,668,70,/tp 1410 64 162,/tp 1450 19 200,/tp 1440 70 187,39,320,2407125674
270607997,/tp 568 100 -616,699,70,/tp 562 64 -622,/tp 594 63 -578,/tp 605 70 -587,55,288,897109831
270992860,/tp 168 100 -808,836,72,/tp 162 64 -814,/tp 173 65 -740,/tp 190 72 -783,41,930,257791329
279670801,/tp 1016 100 -1944,2191,70,/tp 1010 64 -1950,/tp 1006 67 -2002,/tp 995 70 -1979,32,980,2838891414
282603931,/tp -2920 100 -1608,3719,67,/tp -2926 64 -1614,/tp -2911 67 -1647,/tp -2926 64 -1614,36,462,135690917
289795985,/tp -1240 100 -1048,1629,72,/tp -1246 64 -1054,/tp -1281 33 -1133,/tp -1249 72 -1108,54,442,3813919941
305927608,/tp 568 100 -1160,1749,70,/tp 562 64 -1166,/tp 589 39 -1125,/tp 538 70 -1132,41,312,1803835648
309664365,/tp -664 100 1752,1871,70,/tp -670 64 1746,/tp -680 53 1713,/tp -648 70 1740,22,368,2746320468
317670637,/tp -1624 100 616,1733,67,/tp -1630 64 610,/tp -1615 67 577,/tp -1630 64 610,36,462,135690917
322453375,/tp -3688 100 664,4480,68,/tp -3694 64 658,/tp -3646 45 660,/tp -3764 68 642,71,402,1974594829
330861985,/tp 1464 100 -648,668,70,/tp 1458 64 -654,/tp 1460 65 -622,/tp 1477 70 -646,20,558,461412549
332535469,/tp -360 100 -1112,1659,67,/tp -366 64 -1118,/tp -341 67 -1146,/tp -364 66 -1148,37,804,3236568688
335518425,/tp 1336 100 -1496,1626,67,/tp 1330 64 -1502,/tp 1333 67 -1464,/tp 1330 64 -1502,38,460,1177172004
356548760,/tp 2680 100 680,2625,70,/tp 2674 64 674,/tp 2707 29 643,/tp 2646 70 648,38,526,2067111155
362117417,/tp -1160 100 136,1183,70,/tp -1166 64 130,/tp -1198 63 133,/tp -1168 70 161,31,424,1001439820
364799543,/tp -1240 100 1032,1891,67,/tp -1246 64 1026,/tp -1270 67 994,/tp -1272 66 1007,40,526,1670756161
365193333,/tp -2040 100 -1192,2840,67,/tp -2046 64 -1198,/tp -2038 67 -1209,/tp -2046 64 -1198,13,296,2810062732
367523568,/tp -744 100 1800,2565,67,/tp -750 64 1794,/tp -702 67 1808,/tp -698 66 1814,50,620,343795143
382842766,/tp -808 100 1880,2039,67,/tp -814 64 1874,/tp -784 67 1853,/tp -799 66 1909,36,606,1939184840
383779243,/tp -1624 100 -2856,3756,70,/tp -1630 64 -2862,/tp -1603 63 -2845,/tp -1687 70 -2845,59,802,3126626288
386744086,/tp -1048 100 -3240,3411,70,/tp -1054 64 -3246,/tp -1113 51 -3259,/tp -1085 70 -3279,45,328,3716481319
387555687,/tp -296 100 -1240,1284,67,/tp -302 64 -1246,/tp -330 67 -1220,/tp -283 66 -1220,38,864,1068341878
393899908,/tp 1880 100 -2504,3148,70,/tp 1874 64 -2510,/tp 1896 47 -2477,/tp 1874 70 -2485,25,554,1162930020
413066963,/tp -760 100 968,1241,70,/tp -766 62 962,/tp -765 63 1024,/tp -763 70 1007,45,686,3712112775
422345372,/tp -2456 100 1400,3805,70,/tp -2462 64 1394,/tp -2541 39 1402,/tp -2459 70 1421,27,288,3630201793
436296145,/tp 3256 100 -280,1221,70,/tp 3250 62 -286,/tp 3232 65 -245,/tp 3259 70 -203,83,604,928570448
458349731,/tp -1912 100 56,2252,70,/tp -1918 64 50,/tp -1934 51 51,/tp -1891 70 75,36,332,935644684
477477478,/tp -1544 100 1048,2270,67,/tp -1550 64 1042,/tp -1536 67 1063,/tp -1550 64 1042,25,296,4274262272
478000573,/tp -2040 100 1432,3225,67,/tp -2046 64 1426,/tp -1984 67 1360,/tp -2007 66 1399,90,908,2253667144
482975056,/tp -1640 100 504,1729,69,/tp -1646 62 498,/tp -1686 69 463,/tp -1675 66 471,53,402,2715315102
496810152,/tp 632 100 472,656,67,/tp 626 64 466,/tp 683 67 461,/tp 656 66 432,57,660,470269338
496983074,/tp 1880 100 -2408,2796,67,/tp 1874 62 -2414,/tp 1858 67 -2380,/tp 1878 66 -2376,37,994,4259515654
503090273,/tp -2440 100 -264,2470,67,/tp -2446 64 -270,/tp -2409 67 -278,/tp -2436 66 -291,37,438,2694509759
513475303,/tp 200 100 -824,828,67,/tp 194 64 -830,/tp 231 67 -838,/tp 204 66 -851,37,438,2694509759
529915604,/tp -776 100 984,1633,70,/tp -782 64 978,/tp -739 61 969,/tp -758 70 988,26,404,1727569366
557824609,/tp 520 100 -1528,1732,67,/tp 514 64 -1534,/tp 481 67 -1580,/tp 514 64 -1534,56,860,660103073
566441901,/tp -1176 100 -248,1206,70,/tp -1182 64 -254,/tp -1131 63 -290,/tp -1152 70 -229,39,320,922885111
581567658,/tp -808 100 200,835,70,/tp -814 64 194,/tp -813 67 173,/tp -838 70 194,24,804,2952289789
591609539,/tp 2696 100 1832,3200,70,/tp 2690 64 1826,/tp 2710 63 1827,/tp 2723 70 1821,33,510,2984671649
599650223,/tp -1608 100 -232,1630,67,/tp -1614 64 -238,/tp -1598 67 -264,/tp -1614 64 -238,30,256,2198460579
602858184,/tp 968 100 1336,1352,70,/tp 962 62 1330,/tp 977 59 1371,/tp 1002 70 1378,62,494,3528033525
604313937,/tp 1496 100 -184,1321,70,/tp 1490 64 -190,/tp 1480 53 -223,/tp 1512 70 -196,22,368,2746320468
632218211,/tp -1672 100 -312,1709,67,/tp -1678 64 -318,/tp -1713 67 -322,/tp -1662 66 -277,35,478,213151472
651046251,/tp -760 100 2248,2364,67,/tp -766 64 2242,/tp -798 67 2218,/tp -747 66 2227,40,486,3145755799
651407689,/tp -3320 100 184,3392,70,/tp -3326 62 178,/tp -3308 61 226,/tp -3289 70 235,67,618,4164917266
658641653,/tp -3688 100 -2504,5236,70,/tp -3694 64 -2510,/tp -3649 47 -2555,/tp -3696 70 -2483,27,328,2752111907
658656067,/tp -4632 100 -1096,4990,67,/tp -4638 64 -1102,/tp -4604 67 -1072,/tp -4648 66 -1122,45,694,403585984
662485683,/tp -408 100 3592,6021,67,/tp -414 64 3586,/tp -382 67 3606,/tp -392 66 3622,37,470,3584774985
669681555,/tp -1176 100 -1192,2392,67,/tp -1182 64 -1198,/tp -1173 67 -1152,/tp -1182 64 -1198,46,344,1518457214
677476992,/tp 1048 100 120,685,67,/tp 1042 62 114,/tp 1015 67 131,/tp 1029 64 141,31,272,4018987072
699857337,/tp -1112 100 -1560,1927,70,/tp -1118 64 -1566,/tp -1067 53 -1574,/tp -1093 70 -1566,25,530,2918406033
707611214,/tp -312 100 968,2882,67,/tp -318 62 962,/tp -336 67 928,/tp -315 64 939,38,340,2842698246
708747698,/tp 216 100 -680,926,67,/tp 210 64 -686,/tp 218 67 -690,/tp 210 64 -686,8,256,2697224738
726208338,/tp 504 100 1400,1482,67,/tp 498 64 1394,/tp 507 67 1440,/tp 498 64 1394,46,344,1518457214
750464146,/tp 1432 100 -712,884,67,/tp 1426 64 -718,/tp 1398 67 -744,/tp 1426 64 -718,38,296,4061076252
769492434,/tp 968 100 -696,798,67,/tp 962 64 -702,/tp 928 67 -721,/tp 962 64 -702,38,352,1311285322
771340511,/tp 1960 100 1960,2766,70,/tp 1954 64 1954,/tp 2005 63 1918,/tp 1984 70 1979,39,320,922885111
777836162,/tp -1976 100 2296,5940,67,/tp -1982 62 2290,/tp -1989 67 2252,/tp -1986 64 2267,38,422,1160527633
779796982,/tp -1672 100 -728,2006,70,/tp -1678 64 -734,/tp -1757 39 -726,/tp -1675 70 -707,27,288,3630201793
784139007,/tp -664 100 -2456,2848,67,/tp -670 64 -2462,/tp -702 67 -2486,/tp -651 66 -2477,40,486,3145755799
787571482,/tp -1160 100 -2040,2571,70,/tp -1166 64 -2046,/tp -1165 67 -2067,/tp -1190 70 -2046,24,804,2952289789
797973948,/tp 1080 100 1400,1522,67,/tp 1074 64 1394,/tp 1068 67 1361,/tp 1074 64 1394,33,256,1330796976
816655070,/tp -1656 100 664,3037,67,/tp -1662 64 658,/tp -1648 67 645,/tp -1662 64 658,19,478,3571982813
820226653,/tp -296 100 -1192,1318,67,/tp -302 64 -1198,/tp -334 67 -1224,/tp -302 64 -1198,41,272,2521499299
846851517,/tp -1688 100 -1608,2366,70,/tp -1694 64 -1614,/tp -1698 29 -1582,/tp -1667 70 -1611,27,328,1931350606
849231607,/tp 1448 100 -808,1319,70,/tp 1442 64 -814,/tp 1402 59 -800,/tp 1424 70 -782,32,494,4016441406
852132798,/tp -1976 100 1944,2818,70,/tp -1982 64 1938,/tp -2031 57 1949,/tp -2006 70 1899,45,630,1558828389
853807996,/tp -696 100 664,1470,70,/tp -702 62 658,/tp -687 59 699,/tp -662 70 706,62,494,3528033525
863487945,/tp 1944 100 -1224,2284,70,/tp 1938 64 -1230,/tp 1951 61 -1270,/tp 1924 70 -1234,14,312,1815508399
871890633,/tp 40 100 -1144,1401,67,/tp 34 64 -1150,/tp 2 67 -1176,/tp 34 64 -1150,41,272,2521499299
882282006,/tp 600 100 1032,1148,70,/tp 594 64 1026,/tp 545 37 1103,/tp 620 70 1052,36,566,1592209739
912377109,/tp 1048 100 -808,938,67,/tp 1042 64 -814,/tp 1074 67 -794,/tp 1064 66 -778,37,470,3584774985
914055122,/tp 3240 100 -1688,3651,70,/tp 3234 64 -1694,/tp 3201 63 -1702,/tp 3223 70 -1731,38,312,1869514882
915775116,/tp 248 100 1896,1951,70,/tp 242 64 1890,/tp 244 65 1922,/tp 261 70 1898,20,558,461412549
929530795,/tp -2840 100 -1256,3113,67,/tp -2846 64 -1262,/tp -2852 67 -1295,/tp -2846 64 -1262,33,256,1330796976
933353657,/tp -280 100 -2152,2416,67,/tp -286 64 -2158,/tp -277 67 -2112,/tp -286 64 -2158,46,344,1518457214
944364085,/tp -1144 100 552,3392,67,/tp -1150 62 546,/tp -1157 67 584,/tp -1134 66 594,38,446,1613387471
949384895,/tp 120 100 -1128,1292,70,/tp 114 64 -1134,/tp 128 33 -1077,/tp 104 70 -1158,26,502,1109650131
955938466,/tp -1192 100 -216,1217,70,/tp -1198 64 -222,/tp -1215 63 -184,/tp -1184 70 -200,26,464,4180682555
958029879,/tp 1064 100 1848,2126,70,/tp 1058 64 1842,/tp 1091 67 1825,/tp 1107 70 1834,42,900,2260723908
981587897,/tp -1112 100 1480,2090,70,/tp -1118 64 1474,/tp -1155 27 1422,/tp -1135 70 1483,19,392,2971588887
981754686,/tp 616 100 3096,3092,70,/tp 610 64 3090,/tp 582 45 3104,/tp 586 70 3047,39,630,3915215437
994748386,/tp 2216 100 -840,2367,67,/tp 2210 64 -846,/tp 2244 67 -821,/tp 2210 64 -846,42,324,642870113
995816676,/tp -1592 100 -2424,2912,67,/tp -1598 64 -2430,/tp -1568 67 -2451,/tp -1583 66 -2395,36,606,1939184840
1002159718,/tp 1000 100 136,757,70,/tp 994 64 130,/tp 1021 63 147,/tp 937 70 147,59,802,3126626288
1019731299,/tp 152 100 -1192,1197,70,/tp 146 64 -1198,/tp 125 63 -1231,/tp 146 70 -1240,42,470,3849019473
1019659839,/tp -760 100 -392,878,67,/tp -766 64 -398,/tp -770 67 -390,/tp -766 64 -398,8,256,903125220
1022135069,/tp 552 100 -1560,1916,70,/tp 546 64 -1566,/tp 566 63 -1565,/tp 579 70 -1571,33,510,2984671649
1028218573,/tp -2024 100 -776,2387,70,/tp -2030 64 -782,/tp -2028 65 -750,/tp -2011 70 -774,20,558,461412549
1033963067,/tp -2104 100 968,3469,67,/tp -2110 64 962,/tp -2063 67 991,/tp -2110 64 962,55,376,3576917795
1038205839,/tp 1480 100 152,1351,67,/tp 1474 64 146,/tp 1483 67 192,/tp 1474 64 146,46,344,1518457214
1041237535,/tp 4568 100 -1080,4667,67,/tp 4562 64 -1086,/tp 4560 67 -1118,/tp 4562 64 -1086,32,280,1020452620
1054813114,/tp -312 100 584,811,70,/tp -318 64 578,/tp -252 35 595,/tp -317 70 602,24,288,2622634394
1057723759,/tp -792 100 -1144,3954,67,/tp -798 64 -1150,/tp -800 67 -1182,/tp -798 64 -1150,32,300,1796403545
1064716415,/tp 1432 100 -1128,1701,67,/tp 1426 64 -1134,/tp 1394 67 -1131,/tp 1426 64 -1134,32,288,3380128365
1082900415,/tp -344 100 -824,916,67,/tp -350 64 -830,/tp -331 67 -814,/tp -350 64 -830,24,328,2916237205
1088205153,/tp 88 100 -2440,2444,70,/tp 82 64 -2446,/tp 45 27 -2498,/tp 65 70 -2437,19,392,2971588887
1100674138,/tp 584 100 -1192,1324,67,/tp 578 64 -1198,/tp 545 67 -1244,/tp 578 64 -1198,56,860,660103073
1119408796,/tp 600 100 488,762,70,/tp 594 62 482,/tp 609 59 523,/tp 634 70 530,62,494,3528033525
1119635139,/tp 968 100 -2056,2251,70,/tp 962 64 -2062,/tp 1015 29 -2059,/tp 985 70 -2034,36,578,2486035358
1127510852,/tp -2824 100 3224,4301,70,/tp -2830 64 3218,/tp -2834 29 3250,/tp -2803 70 3221,27,328,1931350606
1151364230,/tp 1496 100 1016,1802,67,/tp 1490 64 1010,/tp 1520 67 989,/tp 1505 66 1045,36,606,1939184840
1155818540,/tp -1944 100 1032,2421,69,/tp -1950 62 1026,/tp -1990 69 991,/tp -1979 66 999,53,402,2715315102
1163054281,/tp -344 100 -3320,3360,70,/tp -350 64 -3326,/tp -399 51 -3324,/tp -328 70 -3337,24,574,3774650239
1166515553,/tp 952 100 1800,2007,67,/tp 946 64 1794,/tp 980 67 1819,/tp 968 66 1823,42,462,328361896
1168265924,/tp 5240 100 1512,5448,67,/tp 5234 64 1506,/tp 5268 67 1449,/tp 5234 64 1506,66,552,3150228515
1179087840,/tp -1640 100 -632,1924,67,/tp -1646 64 -638,/tp -1679 67 -684,/tp -1646 64 -638,56,860,660103073
1182427543,/tp -1144 100 1384,1898,67,/tp -1150 64 1378,/tp -1183 67 1332,/tp -1150 64 1378,56,860,660103073
1185909191,/tp -1208 100 536,1345,67,/tp -1214 64 530,/tp -1200 67 551,/tp -1214 64 530,25,296,4274262272
1187283417,/tp 584 100 -1208,1338,67,/tp 578 64 -1214,/tp 610 67 -1194,/tp 600 66 -1178,37,470,3584774985
1192766474,/tp 3496 100 2776,3546,67,/tp 3490 64 2770,/tp 3499 67 2772,/tp 3514 66 2753,9,486,37333113
1195011580,/tp 1528 100 632,1633,70,/tp 1522 64 626,/tp 1505 63 620,/tp 1480 70 653,49,488,3409069794
1204986677,/tp -840 100 1000,1302,70,/tp -846 64 994,/tp -888 59 983,/tp -843 70 1021,27,312,4232312206
1211750861,/tp 1960 100 2728,3217,70,/tp 1954 62 2722,/tp 1969 59 2763,/tp 1994 70 2770,62,494,3528033525
1221468286,/tp 600 100 872,1145,70,/tp 594 64 866,/tp 612 59 841,/tp 619 70 904,45,494,3658176389
1232737677,/tp -296 100 1320,1349,67,/tp -302 64 1314,/tp -261 67 1301,/tp -259 66 1312,43,578,3004338420
1239114166,/tp 104 100 936,908,67,/tp 98 64 930,/tp 153 67 891,/tp 73 66 920,67,856,2451930346
1242965288,/tp 1000 100 -1544,2993,67,/tp 994 64 -1550,/tp 999 67 -1542,/tp 994 64 -1550,9,312,3700160837
1264020612,/tp -760 100 200,788,70,/tp -766 64 194,/tp -781 67 166,/tp -776 70 154,41,844,889355280
1271418297,/tp -2024 100 -2024,3338,67,/tp -2030 62 -2030,/tp -2037 67 -2068,/tp -2034 64 -2053,38,422,1160527633
1288413375,/tp -1576 100 -1576,2234,69,/tp -1582 64 -1582,/tp -1597 69 -1617,/tp -1603 66 -1608,38,346,2463758693
1304831958,/tp 1416 100 56,1412,70,/tp 1410 64 50,/tp 1455 47 5,/tp 1408 70 77,27,328,2752111907
1305556961,/tp -1592 100 -360,1636,67,/tp -1598 64 -366,/tp -1568 67 -387,/tp -1583 66 -331,36,606,1939184840
1337972760,/tp 600 100 1528,1588,67,/tp 594 64 1522,/tp 566 67 1548,/tp 613 66 1548,38,864,1068341878
1347722984,/tp 1896 100 -1592,1614,69,/tp 1890 64 -1598,/tp 1917 69 -1560,/tp 1921 68 -1572,46,552,1708161006
1352790184,/tp 488 100 600,767,67,/tp 482 64 594,/tp 488 67 608,/tp 482 64 594,15,602,3737785819
1358191548,/tp 1896 100 -2840,3415,67,/tp 1890 64 -2846,/tp 1904 67 -2825,/tp 1890 64 -2846,25,296,4274262272
1364049501,/tp -840 100 232,878,70,/tp -846 64 226,/tp -873 53 257,/tp -866 70 198,34,328,3898581978
1368098441,/tp -712 100 -392,832,70,/tp -718 64 -398,/tp -693 61 -446,/tp -682 70 -419,41,312,4249174359
1382659636,/tp 7560 100 -296,7178,70,/tp 7554 64 -302,/tp 7516 47 -333,/tp 7557 70 -275,26,522,1301672055
1393121073,/tp -280 100 -1240,1351,70,/tp -286 64 -1246,/tp -274 63 -1187,/tp -249 70 -1209,52,510,438730053
1422066517,/tp -184 100 -1496,4539,70,/tp -190 64 -1502,/tp -239 37 -1425,/tp -164 70 -1476,36,566,1592209739
1426864114,/tp 2712 100 104,2054,67,/tp 2706 62 98,/tp 2699 67 136,/tp 2722 66 146,38,446,1613387471
1433364834,/tp 152 100 552,565,67,/tp 146 64 546,/tp 152 67 560,/tp 146 64 546,15,602,3737785819
1456056807,/tp 1352 100 -296,489,67,/tp 1346 64 -302,/tp 1354 67 -313,/tp 1346 64 -302,13,296,2810062732
1470149710,/tp 2184 100 136,1876,70,/tp 2178 64 130,/tp 2138 59 144,/tp 2160 70 162,32,494,4016441406
1480417189,/tp -1544 100 -2456,2997,72,/tp -1550 64 -2462,/tp -1517 39 -2473,/tp -1557 72 -2489,27,378,3564097730
1481668176,/tp 1848 100 488,1759,67,/tp 1842 64 482,/tp 1881 67 512,/tp 1842 64 482,49,312,1509300525
1484352293,/tp 1496 100 -3336,3533,67,/tp 1490 62 -3342,/tp 1467 67 -3384,/tp 1472 64 -3366,47,488,844507943
1489429912,/tp -2952 100 -312,2972,70,/tp -2958 64 -318,/tp -2956 65 -286,/tp -2939 70 -310,20,558,461412549
1491096991,/tp -1224 100 584,1365,70,/tp -1230 64 578,/tp -1238 59 621,/tp -1227 70 605,27,312,1693283794
1494628342,/tp 1864 100 1976,1977,70,/tp 1858 64 1970,/tp 1874 61 2024,/tp 1886 70 2019,56,288,147430197
1500607053,/tp -2968 100 -2872,4135,70,/tp -2974 64 -2878,/tp -2923 63 -2914,/tp -2944 70 -2853,39,320,922885111
1500993655,/tp 552 100 2248,2307,67,/tp 546 64 2242,/tp 522 67 2210,/tp 520 66 2223,40,526,1670756161
1505771451,/tp -3368 100 1000,4229,70,/tp -3374 62 994,/tp -3392 65 1035,/tp -3365 70 1077,83,604,928570448
1525646891,/tp -1640 100 552,1744,70,/tp -1646 62 546,/tp -1664 65 587,/tp -1637 70 629,83,604,928570448
1531034268,/tp -264 100 1048,1083,70,/tp -270 64 1042,/tp -274 29 1074,/tp -243 70 1045,27,328,1931350606
1540281635,/tp -296 100 1016,1077,70,/tp -302 64 1010,/tp -335 63 991,/tp -326 70 985,34,570,2905167325
1541049915,/tp 2776 100 968,1023,67,/tp 2770 64 962,/tp 2762 67 941,/tp 2770 64 962,22,272,1461655638
1549267105,/tp 552 100 1528,1524,70,/tp 546 64 1522,/tp 573 63 1539,/tp 489 70 1539,59,802,3126626288
1552863123,/tp 536 100 -2024,2350,70,/tp 530 64 -2030,/tp 581 61 -2000,/tp 564 70 -2005,42,494,1617281787
1556195358,/tp 152 100 3576,3574,70,/tp 146 64 3570,/tp 138 59 3613,/tp 149 70 3597,27,312,1693283794
1563563964,/tp -2984 100 -2952,5149,70,/tp -2990 64 -2958,/tp -3012 65 -2918,/tp -2963 70 -2933,36,744,2058865618
1578929375,/tp -776 100 1096,1533,67,/tp -782 64 1090,/tp -774 67 1086,/tp -782 64 1090,8,256,2697224738
1582161314,/tp 1432 100 1944,2408,70,/tp 1426 64 1938,/tp 1384 59 1927,/tp 1429 70 1965,27,312,4232312206
1584627989,/tp 568 100 632,836,67,/tp 562 64 626,/tp 536 67 591,/tp 562 64 626,43,336,3369382265
1589799374,/tp 88 100 -760,1047,70,/tp 82 64 -766,/tp 25 35 -782,/tp 56 70 -787,33,470,2547953771
1591749494,/tp 984 100 2360,2578,70,/tp 978 64 2354,/tp 1016 57 2321,/tp 952 70 2307,53,470,3316723168
1601745255,/tp -1992 100 -2056,3980,70,/tp -1998 64 -2062,/tp -1953 47 -2107,/tp -2000 70 -2035,27,328,2752111907
1627602796,/tp -1112 100 -1048,1554,67,/tp -1118 64 -1054,/tp -1104 67 -1033,/tp -1118 64 -1054,25,296,4274262272
1645018899,/tp 1016 100 -296,576,70,/tp 1010 64 -302,/tp 1040 47 -266,/tp 1035 70 -310,26,288,3345818081
1647214873,/tp -776 100 1368,2134,67,/tp -782 64 1362,/tp -743 67 1392,/tp -782 64 1362,49,312,1509300525
1652751644,/tp -2392 100 152,2404,72,/tp -2398 64 146,/tp -2384 61 133,/tp -2354 72 150,44,378,1730157349
1665410552,/tp -648 100 3048,3106,67,/tp -654 64 3042,/tp -656 67 3010,/tp -654 64 3042,32,438,2156633257
1692657043,/tp 152 100 1336,1339,70,/tp 146 64 1330,/tp 146 29 1361,/tp 122 70 1305,34,594,886804197
1714780850,/tp -1192 100 1032,1589,70,/tp -1198 64 1026,/tp -1197 67 1005,/tp -1222 70 1026,24,804,2952289789
1730491051,/tp 2264 100 600,2325,68,/tp 2258 64 594,/tp 2306 45 596,/tp 2188 68 578,71,402,1974594829
1738270596,/tp -632 100 488,805,67,/tp -638 64 482,/tp -629 67 528,/tp -638 64 482,46,344,1518457214
1739309960,/tp -1608 100 568,1901,67,/tp -1614 64 562,/tp -1580 67 592,/tp -1624 66 542,45,694,403585984
1739802976,/tp -760 100 -1576,4491,67,/tp -766 64 -1582,/tp -760 67 -1568,/tp -766 64 -1582,15,602,3737785819
1740002575,/tp -1640 100 1112,1982,67,/tp -1646 64 1106,/tp -1638 67 1059,/tp -1611 66 1106,47,852,3603804589
1750630042,/tp 2184 100 -1640,2730,67,/tp 2178 64 -1646,/tp 2187 67 -1644,/tp 2202 66 -1663,9,486,37333113
1756410915,/tp -2360 100 1880,3792,70,/tp -2366 64 1874,/tp -2389 63 1878,/tp -2433 70 1869,67,288,374874168
1756669653,/tp 920 100 56,913,72,/tp 914 64 50,/tp 925 65 124,/tp 942 72 81,41,930,257791329
1765720684,/tp 536 100 936,1010,69,/tp 530 64 930,/tp 515 69 895,/tp 509 66 904,38,346,2463758693
1784949024,/tp 1384 100 -760,1587,70,/tp 1378 64 -766,/tp 1431 29 -763,/tp 1401 70 -738,36,578,2486035358
1791131568,/tp -2472 100 -1112,3472,70,/tp -2478 64 -1118,/tp -2464 63 -1096,/tp -2475 70 -1091,27,288,1223686713
1794228635,/tp 3640 100 1816,3919,70,/tp 3634 64 1810,/tp 3585 51 1812,/tp 3656 70 1799,24,574,3774650239
1796118181,/tp -1560 100 -280,2008,67,/tp -1566 64 -286,/tp -1598 67 -283,/tp -1566 64 -286,32,288,3380128365
1799683897,/tp -312 100 920,961,70,/tp -318 64 914,/tp -278 19 952,/tp -288 70 939,39,320,2407125674
1805132526,/tp -2008 100 120,2019,67,/tp -2014 64 114,/tp -2016 67 82,/tp -2014 64 114,32,438,2156633257
1816951245,/tp -264 100 1928,1982,67,/tp -270 64 1922,/tp -236 67 1947,/tp -248 66 1951,42,462,328361896
1819556678,/tp 1832 100 -728,1658,70,/tp 1826 64 -734,/tp 1795 61 -739,/tp 1799 70 -754,33,534,3059730970
1820781652,/tp 952 100 -1544,1607,70,/tp 946 64 -1550,/tp 930 51 -1549,/tp 973 70 -1525,36,332,935644684
1822611560,/tp 1816 100 -1624,2424,70,/tp 1810 64 -1630,/tp 1843 29 -1661,/tp 1782 70 -1656,38,526,2067111155
1827442137,/tp -632 100 2312,2394,67,/tp -638 64 2306,/tp -631 67 2353,/tp -638 64 2306,47,320,2972139569
1830609458,/tp -1128 100 184,1608,70,/tp -1134 64 178,/tp -1107 39 219,/tp -1158 70 212,41,312,1803835648
1831691626,/tp 1064 100 -2888,2980,67,/tp 1058 64 -2894,/tp 1042 67 -2853,/tp 1035 66 -2863,44,470,1784649745
1838438426,/tp 1896 100 -1640,2212,67,/tp 1890 64 -1646,/tp 1938 67 -1632,/tp 1942 66 -1626,50,620,343795143
1839369492,/tp 1432 100 1912,1954,70,/tp 1426 64 1906,/tp 1423 47 1901,/tp 1438 70 1905,12,336,2470961764
1841399850,/tp -1224 100 1848,2217,67,/tp -1230 64 1842,/tp -1222 67 1831,/tp -1230 64 1842,13,296,2810062732
1851371467,/tp -1160 100 1448,4163,70,/tp -1166 64 1442,/tp -1139 39 1483,/tp -1190 70 1476,41,312,1803835648
1866337074,/tp -216 100 936,1128,70,/tp -222 64 930,/tp -226 29 962,/tp -195 70 933,27,328,1931350606
1868467573,/tp 184 100 -1176,1867,70,/tp 178 64 -1182,/tp 193 53 -1200,/tp 203 70 -1155,36,288,3815376674
1869585278,/tp 584 100 -1704,2877,70,/tp 578 64 -1710,/tp 557 63 -1743,/tp 578 70 -1752,42,470,3849019473
1874090807,/tp 968 100 88,788,67,/tp 962 64 82,/tp 960 67 50,/tp 962 64 82,32,280,1020452620
1877780039,/tp 1400 100 568,732,70,/tp 1394 64 562,/tp 1435 57 521,/tp 1448 70 540,58,392,2537499593
1879124900,/tp 3192 100 -296,2963,67,/tp 3186 64 -302,/tp 3224 67 -292,/tp 3201 66 -281,39,598,1460927482
1880013269,/tp -792 100 1416,2167,67,/tp -798 62 1410,/tp -805 67 1448,/tp -782 66 1458,38,446,1613387471
1883529801,/tp 2216 100 -2904,3423,68,/tp 2210 64 -2910,/tp 2258 45 -2908,/tp 2140 68 -2926,71,402,1974594829
1900463964,/tp 1752 100 -1160,1682,70,/tp 1746 64 -1166,/tp 1729 63 -1172,/tp 1704 70 -1139,49,488,3409069794
1901118523,/tp -1960 100 -744,2394,67,/tp -1966 64 -750,/tp -1947 67 -734,/tp -1966 64 -750,24,328,2916237205
1905131396,/tp -1656 100 -1544,2564,67,/tp -1662 64 -1550,/tp -1694 67 -1576,/tp -1662 64 -1550,41,272,2521499299
1918238535,/tp -2376 100 -216,2390,67,/tp -2382 64 -222,/tp -2410 67 -196,/tp -2363 66 -196,38,864,1068341878
1929071666,/tp -2056 100 -296,2244,67,/tp -2062 64 -302,/tp -2097 67 -306,/tp -2046 66 -261,35,478,213151472
1933000811,/tp 1032 100 -328,380,70,/tp 1026 64 -334,/tp 1092 35 -317,/tp 1027 70 -310,24,288,2622634394
1942194334,/tp -2920 100 536,2975,70,/tp -2926 64 530,/tp -2958 63 533,/tp -2928 70 561,31,424,1001439820
1945683685,/tp 1800 100 616,1646,70,/tp 1794 64 610,/tp 1757 61 604,/tp 1789 70 575,35,542,1394515379
1965029341,/tp 520 100 -1144,1186,70,/tp 514 64 -1150,/tp 526 63 -1091,/tp 551 70 -1113,52,510,438730053
1972054794,/tp -2424 100 -2008,3156,70,/tp -2430 64 -2014,/tp -2397 67 -2031,/tp -2381 70 -2022,42,900,2260723908
1982938046,/tp -1640 100 104,2817,69,/tp -1646 64 98,/tp -1661 69 63,/tp -1667 66 72,38,346,2463758693
1983021807,/tp 1384 100 600,1459,70,/tp 1378 64 594,/tp 1368 53 561,/tp 1400 70 588,22,368,2746320468
1989640895,/tp -1672 100 568,4273,67,/tp -1678 64 562,/tp -1673 67 570,/tp -1678 64 562,9,312,3700160837
2012841952,/tp -1592 100 1432,2136,70,/tp -1598 64 1426,/tp -1583 63 1386,/tp -1589 70 1388,39,288,1482694437
2017604890,/tp 184 100 616,612,67,/tp 178 64 610,/tp 193 67 577,/tp 178 64 610,36,462,135690917
2033013823,/tp 1880 100 -1256,2249,70,/tp 1874 64 -1262,/tp 1825 51 -1260,/tp 1896 70 -1273,24,574,3774650239
2042843753,/tp 1448 100 -280,1471,67,/tp 1442 64 -286,/tp 1481 67 -256,/tp 1442 64 -286,49,312,1509300525
2045848754,/tp 1064 100 -3736,3860,70,/tp 1058 64 -3742,/tp 1025 63 -3750,/tp 1047 70 -3779,38,312,1869514882
2046820254,/tp -1688 100 1448,2224,67,/tp -1694 64 1442,/tp -1685 67 1488,/tp -1694 64 1442,46,344,1518457214
2050783146,/tp -2840 100 -216,5376,70,/tp -2846 64 -222,/tp -2879 63 -230,/tp -2857 70 -259,38,312,1869514882
2059012445,/tp 504 100 -1144,1228,67,/tp 498 64 -1150,/tp 478 67 -1175,/tp 498 64 -1150,32,256,3139607200
2060009832,/tp -696 100 1928,2050,70,/tp -702 64 1922,/tp -734 63 1925,/tp -704 70 1953,31,424,1001439820
2069143263,/tp -1704 100 -3368,4765,72,/tp -1710 64 -3374,/tp -1696 61 -3387,/tp -1666 72 -3370,44,378,1730157349
2079675517,/tp 1304 100 -728,1474,67,/tp 1298 64 -734,/tp 1339 67 -747,/tp 1341 66 -736,43,578,3004338420
2088264381,/tp -296 100 -2440,2585,67,/tp -302 64 -2446,/tp -286 67 -2472,/tp -302 64 -2446,30,256,2198460579
2088840352,/tp 968 100 1416,3552,70,/tp 962 62 1410,/tp 953 59 1449,/tp 923 70 1435,46,494,4044210756
2107332133,/tp 984 100 -1944,2180,70,/tp 978 64 -1950,/tp 1044 35 -1933,/tp 979 70 -1926,24,288,2622634394
2119057131,/tp -2472 100 3560,4333,67,/tp -2478 64 3554,/tp -2416 67 3488,/tp -2439 66 3527,90,908,2253667144
2140105998,/tp 1848 100 1528,2240,70,/tp 1842 64 1522,/tp 1833 49 1465,/tp 1852 70 1522,10,494,3449386450
2141245036,/tp -4104 100 1032,4232,70,/tp -4110 64 1026,/tp -4104 45 1042,/tp -4121 70 1034,13,312,1988781485
2141786905,/tp 1864 100 2808,3364,67,/tp 1858 64 2802,/tp 1892 67 2827,/tp 1880 66 2831,42,462,328361896
